{"cameraMode":{"drawMode":3,"name":"Shadow Cascades","section":"Miscellaneous"},"sceneLighting":true,"audioPlay":false,"sceneViewState":{"showFog":true,"showMaterialUpdate":false,"showSkybox":true,"showFlares":true,"showImageEffects":true,"showParticleSystems":true},"in2DMode":false,"pivot":{"x":-3.47515606880188,"y":0.32824355363845827,"z":1.5875452756881714},"rotation":{"x":0.18299059569835664,"y":-0.7486186027526856,"z":0.23059923946857453,"w":0.5940614938735962},"size":5.355729103088379,"orthographic":false}