{"cameraMode":{"drawMode":3,"name":"Shadow Cascades","section":"Miscellaneous"},"sceneLighting":true,"audioPlay":false,"sceneViewState":{"showFog":true,"showMaterialUpdate":false,"showSkybox":true,"showFlares":true,"showImageEffects":true,"showParticleSystems":true},"in2DMode":false,"pivot":{"x":6.248603820800781,"y":1.586761474609375,"z":2.9317283630371095},"rotation":{"x":-0.185272678732872,"y":-0.6694873571395874,"z":0.17796188592910767,"w":-0.6969915628433228},"size":20.553722381591798,"orthographic":false}